-- phpMyAdmin SQL Dump
-- version 5.0.2
-- https://www.phpmyadmin.net/
--
-- Máy chủ: 127.0.0.1
-- Thời gian đã tạo: Th3 13, 2021 lúc 05:24 AM
-- Phiên bản máy phục vụ: 10.4.14-MariaDB
-- Phiên bản PHP: 7.2.33

SET SQL_MODE = "NO_AUTO_VALUE_ON_ZERO";
START TRANSACTION;
SET time_zone = "+00:00";


/*!40101 SET @OLD_CHARACTER_SET_CLIENT=@@CHARACTER_SET_CLIENT */;
/*!40101 SET @OLD_CHARACTER_SET_RESULTS=@@CHARACTER_SET_RESULTS */;
/*!40101 SET @OLD_COLLATION_CONNECTION=@@COLLATION_CONNECTION */;
/*!40101 SET NAMES utf8mb4 */;

--
-- Cơ sở dữ liệu: `hotels`
--

-- --------------------------------------------------------

--
-- Cấu trúc bảng cho bảng `category`
--

CREATE TABLE `category` (
  `id` int(255) UNSIGNED NOT NULL,
  `name_category` varchar(255) NOT NULL,
  `delete_at` int(11) NOT NULL DEFAULT 0,
  `create_at` timestamp NOT NULL DEFAULT current_timestamp(),
  `update_at` timestamp NOT NULL DEFAULT current_timestamp() ON UPDATE current_timestamp()
) ENGINE=InnoDB DEFAULT CHARSET=utf8mb4;

--
-- Đang đổ dữ liệu cho bảng `category`
--

INSERT INTO `category` (`id`, `name_category`, `delete_at`, `create_at`, `update_at`) VALUES
(43, 'Bia Tiger', 0, '2021-02-02 14:51:44', '2021-02-02 14:51:44'),
(54, 'a', 0, '2021-02-05 09:31:49', '2021-02-05 09:31:49'),
(55, 'a', 0, '2021-02-05 09:32:20', '2021-02-05 09:32:20'),
(56, 'Bia Tiger', 0, '2021-02-05 09:32:25', '2021-02-05 09:32:25'),
(57, 'dl', 0, '2021-02-08 10:43:46', '2021-02-08 10:43:46'),
(58, 'z', 0, '2021-02-08 11:31:27', '2021-02-08 11:31:27'),
(59, 'c', 0, '2021-02-08 12:32:17', '2021-02-08 12:32:17'),
(60, 'sd', 0, '2021-02-23 11:49:41', '2021-02-23 11:49:41'),
(61, 'z', 0, '2021-02-23 14:54:33', '2021-02-23 14:54:33');

-- --------------------------------------------------------

--
-- Cấu trúc bảng cho bảng `dvt`
--

CREATE TABLE `dvt` (
  `id` int(11) NOT NULL,
  `name_dvt` varchar(255) NOT NULL,
  `create_at` timestamp NOT NULL DEFAULT current_timestamp(),
  `update_at` timestamp NOT NULL DEFAULT current_timestamp() ON UPDATE current_timestamp(),
  `delete_at` int(11) NOT NULL DEFAULT 0
) ENGINE=InnoDB DEFAULT CHARSET=utf8mb4;

--
-- Đang đổ dữ liệu cho bảng `dvt`
--

INSERT INTO `dvt` (`id`, `name_dvt`, `create_at`, `update_at`, `delete_at`) VALUES
(13, 'z', '2021-02-24 02:41:00', '2021-02-24 02:41:00', 0),
(14, 'd', '2021-02-24 02:41:02', '2021-02-24 02:41:02', 0),
(15, 'q', '2021-02-24 02:41:06', '2021-02-24 02:41:06', 0),
(16, 'd', '2021-02-24 02:41:09', '2021-02-24 02:41:09', 0),
(17, 'q', '2021-02-24 02:41:11', '2021-02-24 02:41:11', 0),
(18, 'xc', '2021-02-24 02:41:13', '2021-02-24 02:41:13', 0),
(19, 'zzzzzzzzz', '2021-02-24 02:41:17', '2021-02-24 02:41:17', 0),
(20, 'x', '2021-02-24 02:41:22', '2021-02-24 02:41:22', 0),
(21, 'c', '2021-02-24 02:41:25', '2021-02-24 02:41:25', 0),
(22, 'c', '2021-02-24 02:41:27', '2021-02-24 02:41:27', 0),
(23, 'aqew1', '2021-02-24 02:41:45', '2021-02-24 02:41:45', 0);

-- --------------------------------------------------------

--
-- Cấu trúc bảng cho bảng `dvt_big`
--

CREATE TABLE `dvt_big` (
  `id` int(11) NOT NULL,
  `name_dvt_big` varchar(255) NOT NULL,
  `exchange_value` int(11) NOT NULL,
  `create_at` timestamp NOT NULL DEFAULT current_timestamp()
) ENGINE=InnoDB DEFAULT CHARSET=utf8mb4;

--
-- Đang đổ dữ liệu cho bảng `dvt_big`
--

INSERT INTO `dvt_big` (`id`, `name_dvt_big`, `exchange_value`, `create_at`) VALUES
(16, 'c', 12, '2021-03-02 01:36:54'),
(30, 'c', 12, '2021-03-03 21:58:48');

-- --------------------------------------------------------

--
-- Cấu trúc bảng cho bảng `price_after`
--

CREATE TABLE `price_after` (
  `id` int(255) NOT NULL,
  `id_product` int(255) NOT NULL,
  `price_buy` int(255) NOT NULL,
  `price_sell` int(255) NOT NULL,
  `delete_at` int(255) NOT NULL DEFAULT 0,
  `created_at` timestamp NOT NULL DEFAULT current_timestamp(),
  `active` int(11) NOT NULL DEFAULT 1
) ENGINE=InnoDB DEFAULT CHARSET=utf8mb4;

--
-- Đang đổ dữ liệu cho bảng `price_after`
--

INSERT INTO `price_after` (`id`, `id_product`, `price_buy`, `price_sell`, `delete_at`, `created_at`, `active`) VALUES
(54, 57, 12000, 1, 0, '2021-02-24 09:41:54', 0),
(55, 58, 12, 1, 0, '2021-02-24 09:42:24', 0),
(56, 59, 1, 1, 0, '2021-02-24 09:42:34', 1),
(57, 57, 12000, 1, 0, '2021-03-02 01:26:54', 0),
(58, 57, 12000, 1, 0, '2021-03-02 01:35:59', 0),
(59, 58, 12, 1, 0, '2021-03-02 01:36:17', 0),
(60, 58, 12, 1, 0, '2021-03-02 01:36:54', 0),
(61, 57, 12000, 1, 0, '2021-03-02 08:29:36', 0),
(62, 57, 12000, 1, 0, '2021-03-02 09:14:41', 0),
(63, 57, 12000, 1, 0, '2021-03-02 13:13:06', 0),
(64, 57, 12000, 1, 0, '2021-03-02 14:35:32', 0),
(65, 58, 12, 1, 0, '2021-03-02 14:35:41', 0),
(66, 57, 12000, 1, 0, '2021-03-02 14:46:23', 0),
(67, 57, 12000, 1, 0, '2021-03-02 15:11:16', 0),
(68, 57, 12000, 1, 0, '2021-03-02 15:11:54', 0),
(69, 57, 12000, 1, 0, '2021-03-02 15:12:01', 0),
(70, 57, 12000, 1, 0, '2021-03-02 15:12:13', 0),
(71, 57, 12000, 1, 0, '2021-03-02 15:13:57', 0),
(72, 57, 12000, 1, 0, '2021-03-02 15:14:40', 0),
(73, 57, 12000, 1, 0, '2021-03-02 15:14:56', 0),
(74, 57, 12000, 1, 0, '2021-03-02 15:15:20', 0),
(75, 57, 12000, 1, 0, '2021-03-02 15:15:56', 0),
(76, 57, 12000, 1, 0, '2021-03-02 15:16:02', 0),
(77, 57, 12000, 1, 0, '2021-03-02 15:16:11', 0),
(78, 57, 12000, 1, 0, '2021-03-02 15:16:20', 0),
(79, 57, 12000, 1, 0, '2021-03-02 15:16:49', 0),
(80, 57, 12000, 1, 0, '2021-03-02 15:17:14', 0),
(81, 57, 12000, 1, 0, '2021-03-02 15:17:21', 0),
(82, 57, 12000, 1, 0, '2021-03-02 15:17:27', 0),
(83, 57, 12000, 1, 0, '2021-03-02 15:17:54', 0),
(84, 57, 12000, 1, 0, '2021-03-02 15:18:17', 0),
(85, 57, 12000, 1, 0, '2021-03-02 15:18:22', 0),
(86, 57, 12000, 1, 0, '2021-03-02 15:18:27', 0),
(87, 57, 12000, 1, 0, '2021-03-02 15:18:33', 0),
(88, 57, 12000, 1, 0, '2021-03-02 15:22:11', 0),
(89, 57, 12000, 1, 0, '2021-03-02 15:22:18', 0),
(90, 57, 12000, 1, 0, '2021-03-02 15:22:24', 0),
(91, 57, 12000, 1, 0, '2021-03-02 15:22:33', 0),
(92, 57, 12000, 1, 0, '2021-03-02 15:23:08', 0),
(93, 57, 12000, 1, 0, '2021-03-02 15:23:15', 0),
(94, 57, 12000, 1, 0, '2021-03-02 15:23:42', 0),
(95, 57, 12000, 1, 0, '2021-03-02 15:24:06', 0),
(96, 57, 12000, 1, 0, '2021-03-02 15:24:14', 0),
(97, 57, 12000, 1, 0, '2021-03-02 15:24:39', 0),
(98, 57, 12000, 1, 0, '2021-03-02 15:24:45', 0),
(99, 57, 12000, 1, 0, '2021-03-02 15:24:53', 0),
(100, 57, 12000, 1, 0, '2021-03-02 15:25:02', 0),
(101, 57, 12000, 1, 0, '2021-03-02 15:35:53', 0),
(102, 57, 12000, 1, 0, '2021-03-02 15:36:02', 0),
(103, 57, 12000, 1, 0, '2021-03-02 15:36:24', 0),
(104, 57, 12000, 1, 0, '2021-03-02 15:49:03', 0),
(105, 57, 12000, 1, 0, '2021-03-02 15:50:26', 0),
(106, 57, 12000, 1, 0, '2021-03-02 15:50:41', 0),
(107, 57, 12000, 1, 0, '2021-03-02 15:50:49', 0),
(108, 57, 12000, 1, 0, '2021-03-02 15:51:37', 0),
(109, 57, 12000, 1, 0, '2021-03-02 15:52:22', 0),
(110, 57, 12000, 1, 0, '2021-03-02 15:52:41', 0),
(111, 57, 12000, 1, 0, '2021-03-02 16:51:50', 0),
(112, 57, 12000, 1, 0, '2021-03-02 16:54:36', 0),
(113, 57, 12000, 1, 0, '2021-03-02 16:55:11', 0),
(114, 57, 12000, 1, 0, '2021-03-02 16:55:44', 0),
(115, 57, 12000, 1, 0, '2021-03-02 16:55:51', 0),
(116, 57, 12000, 1, 0, '2021-03-02 16:55:57', 0),
(117, 57, 12000, 1, 0, '2021-03-02 16:56:14', 0),
(118, 57, 12000, 1, 0, '2021-03-02 16:56:41', 0),
(119, 57, 12000, 1, 0, '2021-03-02 16:56:47', 0),
(120, 57, 12000, 1, 0, '2021-03-02 16:57:02', 0),
(121, 57, 12000, 1, 0, '2021-03-02 16:59:40', 0),
(122, 57, 12000, 1, 0, '2021-03-02 16:59:56', 0),
(123, 57, 12000, 1, 0, '2021-03-02 17:01:23', 0),
(124, 57, 12000, 1, 0, '2021-03-02 17:04:25', 0),
(125, 57, 12000, 1, 0, '2021-03-02 17:04:39', 0),
(126, 57, 12000, 1, 0, '2021-03-02 17:04:47', 0),
(127, 57, 12000, 1, 0, '2021-03-02 17:04:53', 0),
(128, 57, 12000, 1, 0, '2021-03-02 17:04:59', 0),
(129, 57, 12000, 1, 0, '2021-03-02 17:05:06', 0),
(130, 57, 12000, 1, 0, '2021-03-02 17:05:17', 0),
(131, 57, 12000, 1, 0, '2021-03-02 18:39:57', 0),
(132, 57, 12000, 1, 0, '2021-03-03 20:26:52', 0),
(133, 57, 12000, 1, 0, '2021-03-03 20:26:56', 0),
(134, 57, 12000, 1, 0, '2021-03-03 20:27:00', 0),
(135, 57, 12000, 1, 0, '2021-03-03 20:27:03', 0),
(136, 57, 12000, 1, 0, '2021-03-03 20:32:09', 0),
(137, 58, 12, 1, 0, '2021-03-03 21:01:35', 0),
(138, 58, 12, 1, 0, '2021-03-03 21:01:39', 0),
(139, 58, 12, 1, 0, '2021-03-03 21:01:43', 0),
(140, 58, 12, 1, 0, '2021-03-03 21:01:49', 0),
(141, 58, 12, 1, 0, '2021-03-03 21:06:48', 0),
(142, 58, 12, 1, 0, '2021-03-03 21:06:55', 0),
(143, 58, 12, 1, 0, '2021-03-03 21:06:58', 0),
(144, 58, 12, 1, 0, '2021-03-03 21:07:02', 1),
(145, 57, 12000, 1, 0, '2021-03-03 21:10:35', 0),
(146, 57, 12000, 1, 0, '2021-03-03 21:11:17', 0),
(147, 57, 12000, 1, 0, '2021-03-03 21:15:30', 0),
(148, 57, 12000, 1, 0, '2021-03-03 21:15:33', 0),
(149, 57, 12000, 1, 0, '2021-03-03 21:16:15', 0),
(150, 57, 12000, 1, 0, '2021-03-03 21:16:16', 0),
(151, 57, 12000, 1, 0, '2021-03-03 21:21:40', 0),
(152, 57, 12000, 1, 0, '2021-03-03 21:24:26', 0),
(153, 57, 12000, 1, 0, '2021-03-03 21:24:32', 0),
(154, 57, 12000, 1, 0, '2021-03-03 21:24:53', 0),
(155, 57, 12000, 1, 0, '2021-03-03 21:26:40', 0),
(156, 57, 12000, 1, 0, '2021-03-03 21:26:45', 0),
(157, 57, 12000, 1, 0, '2021-03-03 21:27:29', 0),
(158, 57, 12000, 1, 0, '2021-03-03 21:27:35', 0),
(159, 57, 12000, 1, 0, '2021-03-03 21:30:46', 0),
(160, 57, 12000, 1, 0, '2021-03-03 21:31:01', 0),
(161, 57, 12000, 1, 0, '2021-03-03 21:34:34', 0),
(162, 57, 12000, 1, 0, '2021-03-03 21:58:48', 1);

-- --------------------------------------------------------

--
-- Cấu trúc bảng cho bảng `product`
--

CREATE TABLE `product` (
  `id` int(255) UNSIGNED NOT NULL,
  `name_product` varchar(255) NOT NULL,
  `code_product` varchar(255) NOT NULL,
  `number_product` int(255) UNSIGNED NOT NULL DEFAULT 0,
  `id_category` int(255) NOT NULL,
  `id_dvt` int(255) NOT NULL,
  `delete_at` int(11) NOT NULL DEFAULT 0,
  `created_at` timestamp NOT NULL DEFAULT current_timestamp(),
  `updated_at` timestamp NOT NULL DEFAULT current_timestamp() ON UPDATE current_timestamp(),
  `id_dvt_big` int(255) NOT NULL DEFAULT 0,
  `photo` varchar(255) NOT NULL,
  `active` int(255) NOT NULL DEFAULT 1
) ENGINE=InnoDB DEFAULT CHARSET=utf8mb4;

--
-- Đang đổ dữ liệu cho bảng `product`
--

INSERT INTO `product` (`id`, `name_product`, `code_product`, `number_product`, `id_category`, `id_dvt`, `delete_at`, `created_at`, `updated_at`, `id_dvt_big`, `photo`, `active`) VALUES
(57, 'Biazzzz', 'SP0000001', 1, 54, 21, 0, '2021-02-24 09:41:54', '2021-03-03 21:58:48', 30, 'storage/product/d0d397466e27f26113f7fd632f240aa3.jpg', 1),
(58, 'b\'', 'SP0000002', 1, 43, 14, 0, '2021-02-24 09:42:24', '2021-03-03 21:01:49', 0, 'storage/product/b80d6a4e372be65849fd4e5d2114f6ae.jpg', 1),
(59, '1', 'SP0000003', 1, 43, 16, 0, '2021-02-24 09:42:34', '2021-02-24 09:42:34', 0, 'storage/product/default.jpg', 1);

--
-- Chỉ mục cho các bảng đã đổ
--

--
-- Chỉ mục cho bảng `category`
--
ALTER TABLE `category`
  ADD PRIMARY KEY (`id`);

--
-- Chỉ mục cho bảng `dvt`
--
ALTER TABLE `dvt`
  ADD PRIMARY KEY (`id`);

--
-- Chỉ mục cho bảng `dvt_big`
--
ALTER TABLE `dvt_big`
  ADD PRIMARY KEY (`id`);

--
-- Chỉ mục cho bảng `price_after`
--
ALTER TABLE `price_after`
  ADD PRIMARY KEY (`id`);

--
-- Chỉ mục cho bảng `product`
--
ALTER TABLE `product`
  ADD PRIMARY KEY (`id`);

--
-- AUTO_INCREMENT cho các bảng đã đổ
--

--
-- AUTO_INCREMENT cho bảng `category`
--
ALTER TABLE `category`
  MODIFY `id` int(255) UNSIGNED NOT NULL AUTO_INCREMENT, AUTO_INCREMENT=62;

--
-- AUTO_INCREMENT cho bảng `dvt`
--
ALTER TABLE `dvt`
  MODIFY `id` int(11) NOT NULL AUTO_INCREMENT, AUTO_INCREMENT=24;

--
-- AUTO_INCREMENT cho bảng `dvt_big`
--
ALTER TABLE `dvt_big`
  MODIFY `id` int(11) NOT NULL AUTO_INCREMENT, AUTO_INCREMENT=31;

--
-- AUTO_INCREMENT cho bảng `price_after`
--
ALTER TABLE `price_after`
  MODIFY `id` int(255) NOT NULL AUTO_INCREMENT, AUTO_INCREMENT=163;

--
-- AUTO_INCREMENT cho bảng `product`
--
ALTER TABLE `product`
  MODIFY `id` int(255) UNSIGNED NOT NULL AUTO_INCREMENT, AUTO_INCREMENT=60;
COMMIT;

/*!40101 SET CHARACTER_SET_CLIENT=@OLD_CHARACTER_SET_CLIENT */;
/*!40101 SET CHARACTER_SET_RESULTS=@OLD_CHARACTER_SET_RESULTS */;
/*!40101 SET COLLATION_CONNECTION=@OLD_COLLATION_CONNECTION */;
